" The customer doesn't exist in the system anymore","Kunden finns inte längre i systemet."
" and "," and "
"(Absolute path or Relative to Magento install root, ex. var/export)","(Absolut sökväg eller sökväg relativ till Magentos installationsrot, t.ex. var/export)"
"(For US 2-letter state names)","(För stater i USA med 2-bokstavsnamn)"
"(If left empty will be auto-generated)","(Kommer att genereras automatiskt om den lämnas tom)"
"(Leave empty for first spreadsheet)","(Lämna tomt för första kalkylbladet)"
"(Products will be added/updated to this store if 'store' column is blank or missing in the import file.)","(Produkter kommer att läggas till eller uppdateras i denna butik om kolumnen 'Butik' är tom eller saknas i importfilen.)"
"(Shift-)Click or drag to change value","(Shift-)Click or drag to change value"
"(Starting with)","(Börjar med)"
"(When 'No', only mapped fields will be imported. When mapping, use 'column1', 'column2', etc.)","(Om 'Nej' har valts kommer endast kopplade fält att importeras. När du kopplar fält, använd  'kolumn1', 'kolumn2', etc.)"
"(You have to increase php memory_limit before changing this value)","(You have to increase php memory_limit before changing this value)"
"(\t for tab)","(\t for tab)"
"* - If indexing is in progress, it will be killed and new indexing process will start","* - If indexing is in progress, it will be killed and new indexing process will start"
"- Click on any of the time parts to increase it","- Click on any of the time parts to increase it"
"- Hold mouse button on any of the above buttons for faster selection.","- Hold mouse button on any of the above buttons for faster selection."
"- Use the %s buttons to select month","- Use the %s buttons to select month"
"- Use the %s, %s buttons to select year","- Use the %s, %s buttons to select year"
"- or Shift-click to decrease it","- or Shift-click to decrease it"
"- or click and drag for faster selection.","- or click and drag for faster selection."
"-- Please Select --","-- Vänligen välj --"
"-- Please select --","-- Please select --"
"-- Please select a category --","-- Vänligen välj en kategori --"
"--Please Select--","-- Vänligen välj --"
"1 Hour","1 Hour"
"12 Hours","12 Hours"
"12h AM/PM","12h AM/PM"
"2 Hours","2 Hours"
"24 Hours","24 Hours"
"24h","24h"
"2YTD","Senaste 2 åren"
"6 Hours","6 Hours"
"<h1 class=""page-heading"">404 Error</h1><p>Page not found.</p>","<h1 class=""page-heading"">404-fel</h1><p>Sidan kunde inte hittas.</p>"
"<h1 class=""page-heading"">Access denied</h1><p>Access denied.</p>","<h1 class=""page-heading"">Åtkomst nekades</h1><p>Tyvärr saknar du behörighet för att komma åt denna sida.</p>"
"A new password was sent to your email address. Please check your email and click Back to Login.","A new password was sent to your email address. Please check your email and click Back to Login."
"API Stability","API-stabilitet"
"API Version","API-version"
"API:","API:"
"About the calendar","About the calendar"
"Access Denied.","Åtkomst nekades."
"Access Deny","Åtkomst nekades"
"Account Created in:","Kontot skapades i:"
"Account Created on (%s):","Account Created on (%s):"
"Account Created on:","Kontot skapades den:"
"Account Information","Kontoinformation"
"Account status","Kontostatus"
"Account successfully saved","Kontot har sparats"
"Action","Åtgärd"
"Actions XML","XML för åtgärder"
"Actions","Åtgärder"
"Active","Aktiv"
"Add Contents Path","Add Contents Path"
"Add Exception","Add Exception"
"Add Field Mapping","Lägg till fältkoppling"
"Add Field with URL:","Add Field with URL:"
"Add Maintainer","Add Maintainer"
"Add New Image","Lägg till ny bild"
"Add New Profile","Lägg till ny profil"
"Add New Role","Lägg till ny roll"
"Add New Template","Lägg till ny mall"
"Add New Urlrewrite","Lägg till ny regel för URL-omskrivning"
"Add New User","Lägg till ny användare"
"Add New osCommerce Profile","Add New osCommerce Profile"
"Add PHP Extension dependency","Add PHP Extension dependency"
"Add Package dependency","Add Package dependency"
"Add Subpackage dependency","Add Subpackage dependency"
"Add Urlrewrite for a Category","Add Urlrewrite for a Category"
"Add Urlrewrite for a Product","Add Urlrewrite for a Product"
"Add Urlrewrite","Add Urlrewrite"
"Add after","Add after"
"Add new Role","Lägg till ny roll"
"Add new store view map","Add new store view map"
"Add new website map","Add new website map"
"Add","Add"
"Address Type:","Adresstyp:"
"Admin","Administratör"
"Advanced Admin Section","Advanced Admin Section"
"Advanced Profiles","Avancerade profiler"
"Advanced Section","Advanced Section"
"Aggregate Order","Sammanställd beställning"
"All Allowed Countries","Alla tillåtna länder"
"All Cache","All Cache"
"All Files","Alla filer"
"All Store Views","Alla butiksvyer"
"All Tags","Alla etiketter"
"All Websites","Alla webbplatser"
"All countries","Alla länder"
"All fields","Alla fält"
"All possible rates were fetched, click on ""Save"" to apply","Alla tillgängliga valutakurser har hämtats. Klicka på ""Spara"" för att godkänna ändringen."
"All rates were fetched, click on ""Save"" to apply","Alla valutakurser har hämtats. Klicka på ""Spara"" för att godkänna ändringen."
"All valid rates successfully saved","Alla giltiga valutakurser har sparats"
"All","Alla"
"Amounts","Summa"
"Any Attribute Set","Vilken attributmängd som helst"
"Any Group","Vilken grupp som helst"
"Any Status","Vilken status som helst"
"Any Store","Vilken butik som helst"
"Any Type","Vilken typ som helst"
"Any Visibility","Vilken synlighet som helst"
"Any","Vilken som helst"
"Api Key Confirmation","Api Key Confirmation"
"Api Key","Api Key"
"Archive file name:","Arkivfilens namn:"
"Are you sure that you want to delete this template?","Är du säker på att du vill ta bort denna mall?"
"Are you sure that you want to strip tags?","Är du säker på att du vill ta bort etiketter?"
"Are you sure you want to do this?","Är du säker på att du vill göra detta?"
"Are you sure you wish to INSTALL all selected packages?","Är du säker på att du vill INSTALLERA alla valda paket?"
"Are you sure you wish to UNINSTALL all selected packages?","Är du säker på att du vill AVINSTALLERA alla valda paket?"
"Are you sure you wish to UPGRADE all selected packages?","Är du säker på att du vill UPPGRADERA alla valda paket?"
"Area","Area"
"Assigned","Utsedd"
"Attribute Set Name:","Attributmängdens namn:"
"Attribute set successfully saved.","Attributmängden har sparats."
"Attribute set was successfully removed.","Attributmängden har tagits bort."
"Attributes","Attributes"
"Available Products","Available Products"
"Available Version","Tillgänglig version"
"Average Order Amount","Genomsnittlig beställningssumma:"
"Average Orders","Genomsnittlig beställning"
"Back to Login","Tillbaka till inloggningen"
"Back to local packages","Bakåt till lokala paket"
"Back","Tillbaka"
"Backup record was deleted","Säkerhetskopian har tagits bort"
"Backup successfully created","Säkerhetskopian har skapats"
"Backup","Säkerhetskopiering"
"Backups","Säkerhetskopior"
"Base currency","Grundvaluta"
"Bcc","Bcc"
"Bestsellers","Bästsäljare"
"Big Image","Stor bild"
"Billing Address","Fakturaadress"
"Billing address","Fakturaadress"
"Block Information","Blockinformation"
"Both (without and with tax)","Båda (utan och med moms)"
"Browse Available Extensions","Blädda igenom tillgängliga tillägg"
"Browse Available Remote Extensions","Bläddra igenom tillgängliga fjärrtillägg"
"Browse Files...","Bläddra igenom filer..."
"Bundle Items","Bundle Items"
"Bundle with dynamic pricing cannot include custom defined options. Options will not be saved.","Bundle with dynamic pricing cannot include custom defined options. Options will not be saved."
"CRITICAL","CRITICAL"
"CSV / Tab separated","CSV/tabbseparerad"
"CSV","CSV"
"Cache Control (beta)","Cache Control (beta)"
"Cache Control","Cache Control"
"Cache Management","Cache Management"
"Can not add new comment.","Can not add new comment."
"Can not add tracking number.","Can not add tracking number."
"Can not delete tracking number.","Can not delete tracking number."
"Can not do credit memo for order","Can not do credit memo for order"
"Can not do invoice for order","Can not do invoice for order"
"Can not do shipment for order.","Can not do shipment for order."
"Can not initialize shipment for adding tracking number.","Can not initialize shipment for adding tracking number."
"Can not initialize shipment for delete tracking number.","Can not initialize shipment for delete tracking number."
"Can not load track with retrieving identifier.","Can not load track with retrieving identifier."
"Can not retrieve tracking number detail.","Can not retrieve tracking number detail."
"Can not save credit memo","Can not save credit memo"
"Can not save invoice","Can not save invoice"
"Can not save shipment.","Can not save shipment."
"Can not send shipment information.","Can not send shipment information."
"Can not update item qty","Can not update item qty"
"Can't delete design change","Kan ej ta bort designändring"
"Can't find email address.","Kan inte hitta e-postadress."
"Cancel","Cancel"
"Card Verification Number","Kortets säkerhetskod"
"Catalog Rewrites was refreshed successfully","Catalog Rewrites was refreshed successfully"
"Catalog Rewrites were refreshed successfully","Catalog Rewrites were refreshed successfully"
"Catalog Rewrites","Catalog Rewrites"
"Catalog","Katalog"
"CatalogInventory Stock Status rebuild error. Please try again later","CatalogInventory Stock Status rebuild error. Please try again later"
"CatalogInventory Stock Status was rebuilt successfully","CatalogInventory Stock Status was rebuilt successfully"
"Category","Kategori"
"Category:","Category:"
"Changelog","Ändringslogg"
"Channel","Kanal"
"Channel:","Kanal:"
"Checkbox","Checkbox"
"Choose Store View","Välj butiksvy"
"Choose an attribute","Välj ett attribut"
"Clear","Clear"
"Close","Close"
"Comment text field can not be empty.","Comment text field can not be empty."
"Comments History","Historik för kommentarer"
"Complete","Slutförd"
"Configuration successfully saved","Konfigurationen har sparats"
"Configuration","Konfiguration"
"Confirmed email:","Confirmed email:"
"Conflicts","Konflikter"
"Connect with the Magento Community","Besök Magentos webbplats"
"Contents","Innehåll"
"Convert to Plain Text","Konvertera till vanlig text"
"Cookie (Unsafe)","Kaka (osäker)"
"Country","Land"
"Country:","Land:"
"Coupon Code","Kupongkod"
"Coupons","Kuponger"
"Create DB Backup","Create DB Backup"
"Create Extension Package","Skapa tilläggspaket"
"Create New Attribute","Skapa nytt attribut"
"Create New Staging Store View","Create New Staging Store View"
"Create Urlrewrite:","Create Urlrewrite:"
"Create a backup","Create a backup"
"Create","Skapa"
"Created <strong>%s</strong> items","Created <strong>%s</strong> items"
"Created At","Skapades den"
"Credit Card Number","Bankkortsnummer"
"Credit Card Number: xxxx-%s","Bankkortsnummer: xxxx-%s"
"Credit Card Type","Typ av bankkort"
"Credit Card Type: %s","Typ av bankkort: %s"
"Credit Memo #%s comment added","Meddelande har lagts till kreditnota #%s"
"Credit Memo #%s created","Kreditnota #%s har skapats"
"Credit Memo History","Historik för kreditnotor"
"Credit Memo Totals","Summa för kreditnotor"
"Credit Memo cancel error.","Credit Memo cancel error."
"Credit Memo total must be positive.","Credit Memo total must be positive."
"Credit Memo void error","Credit Memo void error"
"Credit Memo was successfully canceled.","Credit Memo was successfully canceled."
"Credit Memo was successfully created","Credit Memo was successfully created"
"Credit Memo was successfully voided","Credit Memo was successfully voided"
"Currency Information","Valutainformation"
"Currency Setup Section","Currency Setup Section"
"Currency","Valuta"
"Current Configuration Scope:","Omfång för nuvarande konfiguration:"
"Current Release Information","Information om nuvarande leveransversion"
"Custom","Anpassad"
"Customer Group:","Kundgrupp:"
"Customer Name","Kundnamn"
"Customer Since:","Kund sedan:"
"Customer was deleted","Kunden har tagits bort"
"Customer was successfully saved","Kunddata har sparats"
"Customer with the same email already exists.","Det existerar redan en kund med den angivna e-postadressen."
"Customer","Kund"
"Customers","Kunder"
"DHTML Date/Time Selector","DHTML Date/Time Selector"
"Dashboard","Översikt"
"Data Format","Dataformat"
"Data transfer:","Dataöverföring:"
"Date & Time","Date & Time"
"Date Added","Tillagd den"
"Date Updated","Uppdaterad den"
"Date selection:","Date selection:"
"Date selector","Välj datum"
"Date","Date"
"Date:","Datum:"
"Day","Day"
"Decimal separator:","Decimal separator:"
"Default (Admin) Values","Förvalda (admin) värden"
"Default Config","Förvald konfiguration"
"Default Template from Locale","Förvald mall"
"Default Values","Förvalda värden"
"Default display currency ""%s"" is not available in allowed currencies","Default display currency ""%s"" is not available in allowed currencies"
"Default scope","Förvalt omfång"
"Delete %s '%s'","Delete %s '%s'"
"Delete %s","Delete %s"
"Delete Profile","Ta bort profil"
"Delete Role","Ta bort roll"
"Delete Store View","Ta bort butiksvy"
"Delete Template","Ta bort mall"
"Delete User","Ta bort användare"
"Delete Website","Ta bort webbplats"
"Delete","Ta bort"
"Dependencies","Beroenden"
"Description ","Beskrivning "
"Description","Beskrivning"
"Description:","Beskrivning:"
"Design Section","Design Section"
"Design change deleted","Designändring har tagits bort"
"Design change saved","Designändring har sparats"
"Design","Design"
"Developer Section","Developer Section"
"Direction:","Riktning:"
"Disable","Inaktivera"
"Disabled","Inaktiverad"
"Disallow specific shipping methods","Tillåt inte vissa fraktsätt"
"Disallowed shipping methods","Otillåtna fraktsätt"
"Discount Amount","Rabattmängd"
"Display %s first","Display %s first"
"Display default currency","Visa förvald valuta"
"Distributed under GNU LGPL. See %s for details.","Distributed under GNU LGPL. See %s for details."
"Do you really want to KILL parallel process and start new indexing process?","Do you really want to KILL parallel process and start new indexing process?"
"Done By:","Gjort av:"
"Done by:","Gjort av:"
"Download Remote File","Ladda ner fjärrfil"
"Download and Install","Ladda ner och installera"
"Downloading and installing $pkg, please wait...","Laddar ner och installerar $pkg, vänligen vänta..."
"Drag to move","Drag to move"
"Drop-down","Drop-down"
"Edit Email Template","Ändra e-postmall"
"Edit Poll","Ändra enkäten"
"Edit Role","Ändra roll"
"Edit Store View","Ändra butiksvy"
"Edit System Template","Ändra systemmall"
"Edit Tag","Ändra etikett"
"Edit Template","Ändra mall"
"Edit Urlrewrite","Edit Urlrewrite"
"Edit User '%s'","Ändra användaren '%s'"
"Edit User","Ändra användare"
"Edit Website","Ändra webbplats"
"Edit","Ändra"
"Email Address:","E-postadress:"
"Email Preview","Förhandsgranska e-post"
"Email address is empty.","E-postadressen är tom."
"Email to a Friend","Email to a Friend"
"Email","E-post"
"Email:","E-post:"
"Enable","Aktivera"
"Enabled","Aktiverad"
"Enclose Values In:","Inneslut värden i:"
"Entity Type","Entitetstyp"
"Entity type:","Entitetstyp:"
"Error uploading the file","Fel uppstod när filen skulle laddas upp"
"Error while cleared Image cache. Please try again later","Error while cleared Image cache. Please try again later"
"Error while create backup. Please try again later","Ett fel uppstod när säkerhetskopia skulle tas. Vänligen försök igen senare."
"Error while deleting this role. Please try again later.","Fel uppstod när denna roll skulle tas bort. Vänligen försök igen senare."
"Error while deleting this set.","Fel uppstod när mängden skulle tas bort."
"Error while finished process. Please refresh cache","Error while finished process. Please refresh cache"
"Error while refreshed Catalog Rewrites. Please try again later","Error while refreshed Catalog Rewrites. Please try again later"
"Error while refreshed Layered Navigation Indices. Please try again later","Error while refreshed Layered Navigation Indices. Please try again later"
"Error while saving account. Please check all required fields","Error while saving account. Please check all required fields"
"Error while saving account. Please try again later","Fel uppstod när kontot skulle sparas. Vänligen försök igen senare."
"Error while saving this configuration: ","Fel uppstod när denna konfiguration skulle sparas:"
"Error while saving this role. Please try again later.","Fel uppstod när denna roll skulle sparas. Vänligen försök igen senare."
"Error while updating selected review(s). Please try again later.","Fel uppstod när valda recensioner skulle uppdateras. Vänligen försök igen senare."
"Excl. Tax","Excl. Tax"
"Exclude (comma separated)","Exkludera (separera med komma)"
"Exclude","Exkludera"
"Expiration Date","Utgångsdatum"
"Expiration Date: %s/%s","Utgångsdatum: %s/%s"
"Export CSV","Exportera CSV"
"Export Filters","Exportera filter"
"Export to:","Exportera till:"
"Export","Exportera"
"Export:","Exportera:"
"Extension Name","Tilläggsnamn"
"Extension","Tillägg"
"Extensions","Tillägg"
"FTP Host[:Port]","FTP Värddator[:Port]"
"Failed to add a product to cart by id ""%s""","Failed to add a product to cart by id ""%s"""
"Failed to load %1$s.xml or %1$s.ser","Failed to load %1$s.xml or %1$s.ser"
"Field Mapping","Fältkoppling"
"Field","Field"
"File Information","Filinformation"
"File name:","Filnamn:"
"File size should be more than 0 bytes","Filstorleken bör vara större än 0 bytes"
"File","File"
"Final Price","Slutligt pris"
"Finished items creation.","Finished items creation."
"Finished profile execution.","Verkställning av profilen är klar."
"First Name","Förnamn"
"First Name:","Förnamn:"
"Firstname","Förnamn"
"Fixed","Fixed"
"Flat Catalog Category rebuild error","Flat Catalog Category rebuild error"
"Flat Catalog Category was rebuilt successfully","Flat Catalog Category was rebuilt successfully"
"Flat Catalog Product rebuild error. Please try again later","Flat Catalog Product rebuild error. Please try again later"
"Flat Catalog Product was rebuilt successfully","Flat Catalog Product was rebuilt successfully"
"For category","For category"
"For latest version visit: %s","For latest version visit: %s"
"For product","For product"
"Forgot your password?","Glömt ditt lösenord?"
"Forgot your user name or password?","Glömt ditt användarnamn eller lösenord?"
"From","Från"
"Gb","GB"
"General Information","Allmän information"
"General Section","General Section"
"Get Image Base64","Hämta bildens Base64-kod"
"Get help for this page","Få hjälp med denna sida"
"Global Attribute","Global attribut"
"Global Record Search","Sök igenom alla butikers poster"
"Global Search","Global Search"
"Go Today","Go Today"
"Google Base Items","Google Base Items"
"Google Base","Google Base"
"Grand Total","Totalt"
"Grid (default) / List","Rutnät (förvalt) / Lista"
"Grid only","Endast rutnät"
"Group:","Grupp:"
"Guest","Gäst"
"HTTP (unsecure)","HTTP (osäker)"
"HTTPS (SSL)","HTTPS (SSL)"
"Help Us Keep Magento Healthy - Report All Bugs","Hjälp oss förbättra Magento - rapportera alla buggar"
"Home","Hem"
"ID Path","ID-sökväg"
"ID","ID"
"IP Address","IP-adress"
"Ignore","Ignorera"
"Image cache was cleared successfully","Image cache was cleared successfully"
"Images (.gif, .jpg, .png)","Bilder (.gif, .jpg, .png)"
"Images Cache","Images Cache"
"Images","Bilder"
"Import Service","Importtjänst"
"Import","Importera"
"Import/Export Advanced","Avancerad Import/export"
"Import/Export Profile","Importera/Exportera profil"
"Import/Export","Importera/Exportera"
"Imported <strong>%s</strong> records","Importerade <strong>%s</strong> poster"
"In Database:","I databasen:"
"In File:","i filen:"
"In","I"
"Inactive","Inaktiv"
"Incl. Tax","Incl. Tax"
"Include","Inkludera"
"Incoming Message","Incoming Message"
"Individual Item","Individuell artikel"
"Install Package File","Installera paketfil"
"Install","Installera"
"Installed As","Installerad som"
"Installed Extension Info","Information om installerat tillägg"
"Installed Version","Version installerat"
"Installing $pkg, please wait...","Installerar $pkg, vänligen vänta..."
"Installing selected packages, please wait...","Installerar valda paket, vänligen vänta..."
"Instant Payment Notification (IPN)","PayPal Instant Payment Notification (IPN)"
"Interactive","Interaktiv"
"Interface Locale: %s","Adminspråk: %s"
"Invalid Form Key. Please refresh the page.","Invalid Form Key. Please refresh the page."
"Invalid Import Service Specified","Ogiltig importtjänst har angetts"
"Invalid POST data (please check post_max_size and upload_max_filesize settings in you php.ini file)","Invalid POST data (please check post_max_size and upload_max_filesize settings in you php.ini file)"
"Invalid Secret Key. Please refresh the page.","Invalid Secret Key. Please refresh the page."
"Invalid URL","Ogiltig URL"
"Invalid Username or Password.","Ogiltigt användarnamn eller lösenord"
"Invalid directory: %s","Ogiltig katalog: %s"
"Invalid file: %s","Ogiltig fil: %s"
"Invalid input data for %s => %s rate","Ogiltig indata för %s => %s kurs"
"Invalid input:","Ogiltig inmatning:"
"Invalid parrent block for this block","Invalid parrent block for this block"
"Invalid section value","Ogiltigt sektionsvärde"
"Invalid store value","Ogiltig butiksvärde"
"Invalid website value","Ogiltigt webbplatsvärde"
"Inventory Stock Status","Inventory Stock Status"
"Invoice #%s comment added","Kommentar till fakturan #%s har lagts till"
"Invoice #%s created","Fakturan #%s har skapats"
"Invoice History","Faktura historik"
"Invoice Totals","Totalt fakturerat"
"Invoice and shipment was successfully created.","Invoice and shipment was successfully created."
"Invoice cancel error.","Invoice cancel error."
"Invoice capture error","Invoice capture error"
"Invoice void error","Invoice void error"
"Invoice was successfully canceled.","Invoice was successfully canceled."
"Invoice was successfully captured","Invoice was successfully captured"
"Invoice was successfully created.","Invoice was successfully created."
"Invoice was successfully voided","Invoice was successfully voided"
"Issue Number","Utfärdandenummer"
"Issuer: %s","Issuer: %s"
"Items to merge","Items to merge"
"Items","Produkter"
"Kb","KB"
"Last 24 hours","Senaste 24 timmar"
"Last 5 Orders","Senaste 5 beställningar"
"Last 5 Search Terms","Senaste 5 sökord"
"Last 7 days","Senaste 7 dagar"
"Last Logged In (%s):","Last Logged In (%s):"
"Last Logged In:","Senast inloggade:"
"Last Month","Senaste månaden"
"Last Name","Efternamn"
"Last Name:","Efternamn:"
"Lastname","Efternamn:"
"Latest Message:","Latest Message:"
"Layered Navigation Indices was refreshed successfully","Layered Navigation Indices was refreshed successfully"
"Layered Navigation Indices were refreshed successfully","Layered Navigation Indices were refreshed successfully"
"Layered Navigation Indices","Layered Navigation Indices"
"Layered Navigation indexing queue cancelled","Layered Navigation indexing queue cancelled"
"Layered Navigation indexing queued","Layered Navigation indexing queued"
"Layered Navigation process queued to be killed","Layered Navigation process queued to be killed"
"Leave empty to use tax identifier","Leave empty to use tax identifier"
"Level","Nivå"
"License URI","URL för licens"
"License","Licens"
"License:","Licens:"
"Lifetime Sales","Försäljning totalt"
"Links","Links"
"List (default) / Grid","Lista (förvalt) / Rutnät"
"List only","Endast lista"
"Load Template","Ladda mall"
"Load default template","Ladda förvald mall"
"Load local Package","Load local Package"
"Loading...","Laddar..."
"Local Server","Lokal server"
"Local/Remote Server","Lokal/fjärrserver"
"Locale","Språk"
"Log Out","Logga ut"
"Log in to Admin Panel","Logga in på administrationsdelen"
"Log into Magento Admin Page","Logga in på Magentos administrationsdel"
"Logged in as %s","Inloggad som %s"
"Login","Logga in"
"MAJOR","MAJOR"
"MINOR","MINOR"
"MS Excel XML","MS Excel-XML"
"Magento Admin","Magentos administrationsdel"
"Magento Commerce - Administrative Panel","Magento Commerce - Administrationspanel"
"Magento Connect Manager","Magento Connect Manager"
"Magento Connect","Magento Connect"
"Magento Logo","Magento-logga"
"Magento is a trademark of Irubin Consulting Inc. DBA Varien. Copyright &copy; %s Irubin Consulting Inc.","Magento är ett varumärke som tillhör Irubin Consulting Inc. DBA Varien. Copyright &copy; %s Irubin Consulting Inc."
"Magento ver. %s","Magento version %s"
"Magento&trade; is a trademark of Irubin Consulting Inc. DBA Varien.<br/>Copyright &copy; %s Irubin Consulting Inc.","Magento&trade; är ett varumärke som tillhör Irubin Consulting Inc. DBA Varien.<br/>Copyright &copy; %s Irubin Consulting Inc."
"Maintainers","Underhållare"
"Manage Currency Rates","Hantera valutakurser"
"Manage Customers","Hantera kunder"
"Manage Installed Extensions","Hantera installerade tillägg"
"Manage Ratings","Hantera betyg"
"Manage Stores","Hantera butiker"
"Manage osCommerce Orders","Manage osCommerce Orders"
"Manage osCommerce Profiles","Manage osCommerce Profiles"
"Mapping Configuration","Mapping Configuration"
"Matched expression","Matched expression"
"Max","Max"
"Maximum Order Total","Maximum ordervärde"
"Maximum","Maximum"
"Mb","MB"
"Media (.avi, .flv, .swf)","Media (.avi, .flv, .swf)"
"Merge Now","Merge Now"
"Messages Inbox","Messages Inbox"
"Min","Min"
"Minimum Order Total","Minimum ordervärde"
"Minimum","Minimum"
"Module version conflict!","Module version conflict!"
"Month","Month"
"Most Viewed Products","Mest visade produkter"
"Multiple Select","Multiple Select"
"My Account","Mitt konto"
"N/A","N/A"
"NOTICE","NOTICE"
"Name on Card","Namn på kortet"
"Name on the Card: %s","Namn på kortet: %s"
"Name","Namn"
"Name:","Namn:"
"New Accounts","Nya konton"
"New Api Key","New Api Key"
"New Customers","Nya kunder"
"New Email Template","Ny mall för e-post"
"New Extension","Nytt tillägg"
"New Item Type","New Item Type"
"New Password","Nytt lösenord"
"New Profile","Ny profil"
"New Store View","Ny butiksvy"
"New System Template","Ny systemmall"
"New Tag","Ny etikett"
"New Template","Ny mall"
"New User","Ny användare"
"New Website","Ny webbplats"
"New admin password","Nytt lösenord för admin"
"Next month (hold for menu)","Next month (hold for menu)"
"Next page","Nästa sida"
"Next year (hold for menu)","Next year (hold for menu)"
"No (price without tax)","Nej (pris utan moms)"
"No Data Found","Ingen data hittades"
"No Extensions Found","Inga tillägg hittades"
"No Templates Found","Inga mallar hittades"
"No change","No change"
"No profile loaded...","Ingen profil har laddats..."
"No profile","Ingen profil"
"No records found for this period.","Inga poster har hittats för denna period."
"No records found.","Inga poster har hittats."
"No search keywords.","Inga sökord."
"No search modules registered","Inga sökmoduler har registrerats."
"No","Nej"
"None","Inga"
"Note:","Note:"
"Notes","Noteringar"
"Notes:","Anteckningar:"
"Number of Orders","Antal beställningar"
"Number of Use","Använt antal"
"Number of Uses","Antal träffar"
"Number of records:","Number of records:"
"Old rate:","Gammal kurs:"
"One of options row has error","One of options row has error"
"Only attributes with scope ""Global"", input type ""Dropdown"" and Use To Create Configurable Product ""Yes"" are available.","Endast attribut med <em>omfånget</em> satt till ""Global"", <em>indatatyp</em> satt till ""Rullgardinsmeny"" och <em>Använd för att skapa konfigurerbar produkt</em> satt till ""Ja"" är tillgängliga."
"Only mapped fields","Endast kopplade fält"
"Optional","Valfritt"
"Options","Alternativ"
"Order #%s (%s)","Beställning nr. %s (%s)"
"Order #%s","Beställning nr. %s"
"Order Totals","Totalt för beställning"
"Order confirmation email not sent","E-postbekräftelse för beställningen har inte skickats"
"Order confirmation email sent","e-postbekräftelse har skickats"
"Order not longer exist","Order not longer exist"
"Order not longer exist.","Order not longer exist."
"Orders","Beställningar"
"Original Magento attribute names in first row:","Ursprungliga Magento-attributnamn i första raden:"
"PEAR Configuration was successfully saved","PEAR-konfigurationen har sparats"
"PEAR Console","PEAR-konsol"
"PEAR config","PEAR-konfiguration"
"PHP Version","PHP-version"
"Package %s data was successfully loaded","Data för paketet %s har laddats"
"Package Extensions","Pakettillägg"
"Package File Name","Package File Name"
"Package Info","Information om paket"
"Package Information","Information om paket"
"Package","Paket"
"Packages","Paket"
"Page","Sida"
"Parent Product Thumbnail","Miniatyrbild för föräldrarprodukt"
"Passive mode","Passivt läge"
"Password Confirmation","Lösenordsbekräftelse"
"Password","Lösenord"
"Password:","Lösenord:"
"Path","Sökväg"
"Path:","Sökväg:"
"PayPal Email","PayPal-epost"
"Payment Data Transfer (PDT)","PayPal Payment Data Transfer (PDT)"
"Payment method must be specified","Betalningssätt måste anges"
"Pending Tags","Etiketter att granska"
"Pending installation...","I väntan på installation..."
"Per Item","Per artikel"
"Per Order","Per beställning"
"Percent","Percent"
"Performed At","Utförd:"
"Period","Period"
"Permanent (301)","Permanent (301)"
"Permissions","Rättigheter"
"Personal Information","Personlig information"
"Phone:","Telefon:"
"Please confirm site switching. All data that hasn't been saved will be lost.","Vänligen bekräfta byte av webbplats. All data som inte har sparats kommer att förloras."
"Please enter 6 or more characters.","Vänligen ange 6 eller fler tecken."
"Please enter a number greater than 0 in this field.","Vänligen ange ett tal som är större än 0 i detta fält."
"Please enter a valid $ amount. For example $100.00.","Vänligen ange ett giltigt belopp. Exempelvis 100."
"Please enter a valid URL. For example http://www.example.com or www.example.com","Vänligen ange en giltig URL, exempelvis http://www.example.com eller www.example.com"
"Please enter a valid URL. http:// is required","Vänligen ange en giltig URL, http:// måste finnas med"
"Please enter a valid credit card number.","Vänligen ange ett giltigt bankkortsnummer."
"Please enter a valid date.","Vänligen ange ett giltigt datum."
"Please enter a valid email address. For example johndoe@domain.com.","Vänligen ange en giltig e-postadress, exempelvis namn@example.com."
"Please enter a valid number in this field.","Vänligen ange ett giltigt nummer i detta fält."
"Please enter a valid phone number. For example (123) 456-7890 or 123-456-7890.","Vänligen ange ett giltigt telefonnummer, exempelvis 08-123 456."
"Please enter a valid social security number. For example 123-45-6789.","Vänligen ange ett giltigt personnummer, exempelvis 010101-0106."
"Please enter a valid value from list","Vänligen ange ett giltigt värde från listan"
"Please enter a valid value, ex: 10,20,30","Vänligen ange ett giltigt värde, exempelvis 10, 20, 30"
"Please enter a valid zip code. For example 90602 or 90602-1234.","Vänligen ange ett giltigt postnummer, exempelvis 980 16 eller 231 78."
"Please enter a valid zip code.","Vänligen ange ett giltigt postnummer."
"Please enter valid password.","Vänligen ange lösenord."
"Please fill in 'email' field.","Vänligen fyll i fältet 'e-post'."
"Please make sure that all global admin search modules are installed and activated.","Vänligen se till att alla globala sökmoduler är installerade och aktiverade."
"Please make sure that your changes were saved before running the profile.","Vänligen se till att dina ändringar har sparats innan du kör igång profilen."
"Please make sure your passwords match.","Vänligen se till att lösenorden överensstämmer."
"Please select State/Province.","Vänligen välj region."
"Please select a custmer","Vänligen välj en kund"
"Please select a store","Vänligen välj en butik"
"Please select an option.","Vänligen välj ett alternativ."
"Please select catalog searches","Vänligen välj katalogsökningar"
"Please select customer(s)","Vänligen välj kund(er)"
"Please select one of the above options.","Vänligen välj ett av ovanstående alternativ."
"Please select one of the options.","Vänligen välj ett av alternativen."
"Please select review(s)","Vänligen välj recension(er)"
"Please select tag(s)","Vänligen välj etikett(er)"
"Please specify admin custom URL","Please specify admin custom URL"
"Please specify at least start or end date.","Vänligen ange åtminstonde start- eller slutdatum."
"Please use in this field only ""a-z,0-9,_"".","Vänligen använd endast tecknen ""a-z,0-9,_"" i detta fält."
"Please use letters only (a-z) in this field.","Vänligen använd endast bokstäver (a-ö) i detta fält."
"Please use numbers only in this field. please avoid spaces or other characters such as dots or commas.","Vänligen använd endast nummer i detta fält. Vänligen använd inte mellanslag eller andra liknande tecken, exempelvis punkt eller komma."
"Please use only letters (a-z) or numbers (0-9) only in this field. No spaces or other characters are allowed.","Vänligen använd endast bokstäver (a-ö) eller siffror (0-9) i detta fält. Mellanslag eller andra tecken är inte tillåtna."
"Please use only letters (a-z) or numbers (0-9) or spaces and # only in this field.","Vänligen använd endast bokstäver (a-ö), siffror (0-9), mellanslag eller # (brädgård) i detta fält."
"Please use this date format: dd/mm/yyyy. For example 17/03/2006 for the 17th of March, 2006.","Vänligen ange datum enligt formatet: dd/mm/åååå. Exempelvis 17/03/2006 för den 17:e mars, 2006."
"Please wait, loading...","Vänligen vänta, laddar..."
"Please wait...","Vänligen vänta..."
"Please, add a few answers to this poll first","Vänligen lägg först till svar till denna undersökning"
"Please, select a store view","Please, select a store view"
"Please, select visible in stores to this poll first","Vänligen välj först i vilka butiker som denna undersökning ska vara synlig."
"Poll Manager","Hantera enkäter"
"Poll was successfully deleted","Undersökningen har tagits bort"
"Poll was successfully saved","Enkäten har sparats"
"Position of Watermark for %s","Placering av vattenmärke för %s"
"Preferred state","Region som föredras"
"Preparing to change $pkg, please wait...","Förbereder för att ändra $pkg, vänligen vänta..."
"Prev. month (hold for menu)","Prev. month (hold for menu)"
"Prev. year (hold for menu)","Prev. year (hold for menu)"
"Preview Template","Förhandsgranska mall"
"Preview","Förhandsgranskning"
"Previous page","Föregående sida"
"Price alert subscription was saved successfully","Prisbevakningen har sparats"
"Price","Pris"
"Price:","Pris:"
"Primary Billing Address","Förvald fakturaadress"
"Processed <strong>%s%% %s/%d</strong> items","Processed <strong>%s%% %s/%d</strong> items"
"Processed <strong>%s%% %s/%d</strong> records","Bearbetningen av artiklarna <strong>%s%% %s/%d</strong> är klar"
"Product Thumbnail Itself","Miniatyrbild för produkt"
"Product","Produkt"
"Product:","Product:"
"Products","Produkter"
"Profile Action","Profilåtgärd"
"Profile Actions XML","XML för profilåtgärder"
"Profile Direction","Profilriktning"
"Profile History","Profilhistorik"
"Profile Information","Profilinformation"
"Profile Name","Profilnamn"
"Profile Wizard","Profilguide"
"Profile was deleted","Profilen har tagits bort"
"Profile was successfully saved","Profilen har sparats"
"Profiles","Profiler"
"Promo","Marknadsföring"
"Promotions","Marknadsföring"
"Provided Files","Tillhandahållna filer"
"Qty","Antal"
"Quantity","Antal"
"Queue Refresh","Queue Refresh"
"Queued... Cancel","Queued... Cancel"
"Radio Buttons","Radio Buttons"
"Rates","Kurser"
"Rating was successfully deleted","Betyget har tagits bort"
"Rating was successfully saved","Betyget har sparats"
"Read details","Read details"
"Rebuild Flat Catalog Category","Rebuild Flat Catalog Category"
"Rebuild Flat Catalog Product","Rebuild Flat Catalog Product"
"Rebuild","Rebuild"
"Recent Orders","Senaste beställningar"
"Recommended","Rekommenderade"
"Recursive Dir","Recursive Dir"
"Redirect","Omdirigera"
"Refresh Now*","Refresh Now*"
"Refresh","Ladda om"
"Region/State","Region"
"Release Info","Information om leveransversionen"
"Release Stability","Leveransversionens stabilitet"
"Release Version","Leveransversion"
"Release","Leveransversion"
"Remote Extension Info","Information om fjärrtillägg"
"Remote FTP","Fjärr-FTP"
"Remote URL:","Fjärr-URL:"
"Remove","Ta bort"
"Reports","Rapporter"
"Request Path","Sökväg för begäran"
"Required","Obligatoriskt"
"Reset Filter","Nollställ filter"
"Reset","Nollställ"
"Resize","Ändra storlek"
"Resource Access","Åtkomst till resurs"
"Resources","Resurser"
"Results","Resultat"
"Retrieve Password","Hämta lösenord"
"Return Html Version","Returnera HTML-version"
"Revenue","Inkomst"
"Role ID","ID för roll"
"Role Info","Information om roll"
"Role Information","Information om roll"
"Role Name","Rollnamn"
"Role Resources","Rollresurser"
"Role Users","Rollanvändare"
"Role successfully deleted.","Rollen har tagits bort."
"Role successfully saved.","Rollen har sparats."
"Role","Roll"
"Roles Resources","Resurser för roller"
"Roles","Roller"
"Rotate CCW","Rotera motsols"
"Rotate CW","Rotera medsols"
"Run Profile In Popup","Kör profil i popup"
"Run Profile Inside This Window","Kör profil i detta fönster"
"Run Profile","Kör profil"
"Run in popup","Kör i popup"
"Run","Kör"
"Running... Kill","Running... Kill"
"Running:","Körs just nu:"
"SKU","Artikelnummer"
"SKU:","Artikelnummer:"
"SSL Error: Invalid or self-signed certificate","SSL-fel: ogiltigt eller självsignerat certifikat"
"Sales Report","Försäljningsrapport"
"Samples","Samples"
"Save & Generate","Save & Generate"
"Save Account","Spara kontot"
"Save And Continue Edit","Spara och fortsätt ändra"
"Save As...","Save As..."
"Save Config","Spara konfiguration"
"Save Currency Rates","Spara valutakurser"
"Save PEAR Config","Spara PEAR-konfiguration"
"Save Profile","Spara profilen"
"Save Role","Spara rollen"
"Save Template","Spara mall"
"Save User","Spara användare"
"Save and Continue Editing","Spara och fortsätt ändra"
"Save cache settings","Spara cache-inställningar"
"Save data and Create Package","Spara data och skapa paket"
"Save package with custom package file name","Save package with custom package file name"
"Save","Spara"
"Schedule Merge","Schedule Merge"
"Search Index rebuild error. Please try again later","Search Index rebuild error. Please try again later"
"Search Index was rebuilt successfully","Search Index was rebuilt successfully"
"Search Index","Search Index"
"Search Term","Sökord"
"Search Terms","Sökord"
"Search","Sök"
"Select All","Markera alla"
"Select Category","Select Category"
"Select Date","Välj datum"
"Select Range","Välj period"
"Select Visible","Markera synliga"
"Select date","Select date"
"Select website from map","Select website from map"
"Select website to map","Select website to map"
"Select","Select"
"Selected allow currency ""%s"" is not available in installed currencies","Selected allow currency ""%s"" is not available in installed currencies"
"Selected base currency is not available in installed currencies","Selected base currency is not available in installed currencies"
"Selected default display currency is not available in allowed currencies","Selected default display currency is not available in allowed currencies"
"Selected default display currency is not available in installed currencies","Selected default display currency is not available in installed currencies"
"Sender","Avsändare"
"Separate email","Separate email"
"Shipment #%s comment added","Kommentar till leveransen #%s har lags till"
"Shipment #%s created","Leveransen #%s har skapats"
"Shipment Comments","Leveranskommentarer"
"Shipment History","Historik för leveransen"
"Shipment to Specific countries","Leverans till specifika länder"
"Shipment to applicable countries","Leverans till tillämpliga länder"
"Shipment was successfully created.","Shipment was successfully created."
"Shipment was successfully sent.","Shipment was successfully sent."
"Shipping Address","Leveransadress"
"Shipping Price","Frakt"
"Shipping address selection is not applicable","Shipping address selection is not applicable"
"Shipping address","Leveransadress"
"Shipping method must be specified","Leveranssätt måste anges"
"Shipping method selection is not applicable","Shipping method selection is not applicable"
"Shipping origin","Leverans från"
"Shipping","Fraktavgifter"
"Shopping Cart from %s","Varukorg från %s"
"Show Report for","Visa rapport för"
"Show by","Sortera efter"
"Show reviews","Visa omdömen"
"Sitemap Information","Information om webbkarta"
"Size for %s","Storlek för %s"
"Skip category selection","Skip category selection"
"Some items in this order have different invoice and shipment types. You can create shipment only after the invoice is created.","Some items in this order have different invoice and shipment types. You can create shipment only after the invoice is created."
"Some of the ordered items don't exist in the catalog anymore and will be removed if you try to edit the order.","Vissa av de beställda artiklarna existerar inte längre i katalogen och kommer att tas bort om du ändrar beställningen."
"Sorry, this feature is coming soon...","Denna funktionalitet kommer att finnas tillgänglig inom kort. Vi ber om ursäkt för besväret."
"Sort Order","Sortera efter"
"Specific Countries","Specifika länder"
"Spreadsheet Name:","Namn för kalkylblad:"
"Stability","Stabilitet"
"Staging Store: ","Staging Store: "
"Staging Website: ","Staging Website: "
"Start Date","Startdatum"
"Starting profile execution, please wait...","Börjar köra profilen, vänligen vänta..."
"State/Province:","Region:"
"Status","Status"
"Status:","Status"
"Stock Quantity:","Lagersaldo:"
"Stock notification was saved successfully","Lagermeddelandet har sparats"
"Store Email Addresses Section","Store Email Addresses Section"
"Store View","Butiksvy"
"Store","Butik"
"Store: ","Store: "
"Store:","Butik:"
"Subject","Ämne"
"Submit","Skicka"
"Subpackage can't be conflicting","Underpaket får inte hamna i konflikt"
"Subpackage","Underpaket"
"Subpackages","Underpaket"
"Subtotal Amount","Summa belopp"
"Subtotal","Summa"
"Summary","Sammanfattning"
"Summary:","Sammanfattning:"
"Switch/Solo Only","Endast Switch/Solo"
"Switch/Solo card issue number: %s","Nummer för Switch/Solo-bankkort: %s"
"Switch/Solo card start Date: %s/%s","Startdatum för Switch/Solo-bankkort: %s/%s"
"Switch/Solo/Maestro(UK Domestic) Only","Endast Switch/Solo/Maestro"
"Switch/Solo/Maestro(UK Domestic) card issue number: %s","Kortnummer för Switch/Solo/Maestro: %s"
"Switch/Solo/Maestro(UK Domestic) card start Date: %s/%s","Startdatum för Switch/Solo/Maestro: %s/%s"
"System Section","System Section"
"System","System"
"Tag was successfully deleted","Etiketten har skapats"
"Tag was successfully saved","Etiketten har sparats"
"Tags","Etiketter"
"Target Path","Sökväg för målet"
"Tax","Moms"
"Tb","TB"
"Template Content","Mallinnehåll"
"Template Information","Information om mall"
"Template Name","Mallnamn"
"Template Subject","Mallämne"
"Template Type","Malltyp"
"Template","Mall"
"Temporary (302)","Temporary (302)"
"Text","Text"
"The archive can be uncompressed with <a href=""%s"">%s</a> on Windows systems","The archive can be uncompressed with <a href=""%s"">%s</a> on Windows systems"
"The configuration has been saved.","Inställningarna har sparats."
"The information in this tab has been changed.","Informationen i denna flik har ändrats."
"This account is inactive.","This account is inactive."
"This account is","Detta konto är"
"This attribute set don't have attributes which we can use for configurable product","Denna attributmängd saknar attribut som vi kan använda till konfigurerbara produkter"
"This attribute shares the same value in all the stores","Detta attribut har samma värde i alla butiker"
"This is a required field.","Detta är ett obligtoriskt fält."
"This product is currently disabled","This product is currently disabled"
"This section is not allowed.","This section is not allowed."
"This tab contains invalid data. Please solve the problem before saving.","Denna flik innehåller ogiltig data. Problemet måste lösas innan datan kan sparas."
"This user no longer exists","Denna användare existerar inte längre."
"Thumbnail","Miniatyrbild"
"Time selection:","Time selection:"
"Time","Time"
"Time:","Time:"
"To","Till"
"Toggle Editor","Slå om editor"
"Tools","Verktyg"
"Top 5 Search Terms","Topp 5 sökord"
"Total %d records found","Totalt %d poster funna"
"Total Amount","Totalt belopp"
"Total Invoiced","Totalt fakturerat"
"Total Order Amount","Total beställningssumma"
"Total Refunded","Total återbäring"
"Total Tax","Moms"
"Total of %d record(s) were successfully deleted","Totalt %d post(er) har tagits bort"
"Total of %d record(s) were successfully updated","Totalt %d artiklar har uppdaterats"
"Total","Totalt"
"Track order","Spåra beställning"
"Track this shipment","Spåra leveransen"
"Tracking number %s for %s assigned","Spårningsnumret %s har tilldelats till försändelsen %s"
"Tracking number can not be empty.","Tracking number can not be empty."
"Transactional Emails","E-postmallar"
"Type","Typ"
"Type:","Typ:"
"Unable to find a poll to delete","Undersökningen kunde inte tas bort då den inte kunde hittas"
"Unable to find a tag to delete","Etiketten kunde inte tas bort då den inte kunde hittas"
"Unable to find a user to delete","Användaren kunde inte tas bort då personen inte kunde hittas"
"Unable to initialize import model","Kunde inte starta importmodellen"
"Unable to save Cron expression","Unable to save Cron expression"
"Uninstall","Avinstallera"
"Uninstalling $pkg, please wait...","Avinstallerar $pkg, vänligen vänta..."
"Uninstalling selected packages, please wait...","Avinstallerar valda paket, vänligen vänta..."
"Unknown error","Okänt fel"
"Unknown","Okänd"
"Unselect All","Avmarkera alla"
"Unselect Visible","Avmarkera synliga"
"Update","Uppdatera"
"Updated At","Uppdaterades den"
"Upgrade All Available Packages","Uppgradera alla tillgängliga paket"
"Upgrade all available packages","Uppgradera alla tillgängliga paket"
"Upgrade all packages","Uppgradera alla paket"
"Upgrade","Uppgradera"
"Upgrading $pkg, please wait...","Uppgraderar $pkg, vänligen vänta..."
"Upgrading all available packages, please wait...","Uppgraderar alla tillgängliga paket, vänligen vänta..."
"Upgrading all packages, please wait...","Uppgraderar alla paket, vänligen vänta..."
"Upgrading selected packages, please wait...","Uppgraderar valda paket, vänligen vänta..."
"Upload File","Ladda upp fil"
"Upload Files","Ladda upp filer"
"Upload HTTP Error","HTTP-fel vid uppladdning"
"Upload I/O Error","Indata/utdata-fel vid uppladdning"
"Upload Local File","Ladda upp lokal fil"
"Upload Security Error","Säkerhetsfel vid uppladdning"
"Upload and Install","Ladda upp och installera"
"Upload import file","Ladda upp importfil"
"Upload local file:","Ladda upp lokal fil:"
"Url Rewrite Management","Hantera URL-omskrivningar"
"Urlrewrite Information","Urlrewrite Information"
"Use Config Settings","Use Config Settings"
"Use Default Value","Använd förvalt värde"
"Use default","Använd förvald"
"Use website","Använd webbplats"
"User Email","E-post för användare"
"User ID","ID för användare"
"User Info","Information om användare"
"User Information","Information om användare"
"User Name","Användarnamn"
"User Name:","Användarnamn:"
"User Role","Användarens roll"
"User Roles Information","Information om användarroller"
"User Roles","Användarroller"
"User name","Användarnamn"
"User was successfully deleted","Användaren har tagits bort"
"User was successfully saved","Användaren har sparats"
"User with the same User Name or Email aleady exists","Det existerar redan en användare med samma användarnamn eller e-postadress"
"User","Användare"
"Users","Användare"
"Value Delimiter:","Avskiljare för värden:"
"Value","Value"
"Version","Version"
"Version:","Version:"
"View Actions XML","Granska XML för åtgärder"
"View Statistics for","Visa statistik för"
"View","Visa"
"Visibility:","Synlighet:"
"Warning! Empty value can cause problems with CSV format.","Warning! Empty value can cause problems with CSV format."
"Warning!rnThis action will remove this user from already assigned rolernAre you sure?","Warning!rnThis action will remove this user from already assigned rolernAre you sure?"
"Warning!rnThis action will remove those users from already assigned rolesrnAre you sure?","Warning!rnThis action will remove those users from already assigned rolesrnAre you sure?"
"Warning: Please don't close window during importing/exporting data","Varning: vänligen stäng inte fönstret medan data importeras/exporteras."
"Watermark File for %s","Vattenmärk fil för %s"
"We're in our typing table, coding away more features for Magento. Thank you for your patience.","Just nu är vi sysselsatta med att förbättra Magento. Tack för ditt tålamod."
"Web Section","Web Section"
"Web Services","Web Services"
"Web services","Web services"
"Website","Webbplats"
"Website: ","Website: "
"Websites / Stores","Websites / Stores"
"Websites","Websites"
"What is this?","Vad är detta?"
"Wishlist Report","Rapport för önskelistor"
"Wrong column format","Felaktigt kolumnformat"
"Wrong tab configuration","Felaktig flikkonfiguration"
"XML","XML"
"YTD","Från början av året"
"Year","Year"
"Yes (only price with tax)","Ja (endast pris med moms)"
"Yes","Ja"
"You can not delete self assigned roles.","Du kan inte ta bort roller som du har tilldelat dig själv."
"You cannot delete account of yourself","Du kan inte ta bort ditt eget konto"
"You have not enough permissions to login.","Du har inte rättigheter att logga in."
"You have not enough permissions to use this functionality.","Du har inte rättigheter att använda denna funktionalitet."
"You have","You have"
"You need specify carrier.","You need specify carrier."
"You need to specify order items","You need to specify order items"
"You successfully logged out.","Du har loggats ut."
"Your answers contain duplicates.","Dina svar innehåller duplikat."
"Your server PHP settings allow you to upload files not more than %s at a time. Please modify post_max_size (currently is %s) and upload_max_filesize (currently is %s) values in php.ini if you want to upload larger files.","Your server PHP settings allow you to upload files not more than %s at a time. Please modify post_max_size (currently is %s) and upload_max_filesize (currently is %s) values in php.ini if you want to upload larger files."
"Zip/Postal Code","Postnummer"
"Zip/Postal Code:","Postnummer:"
"[ deleted ]","[ borttaget ]"
"[deleted]","[borttaget]"
"b","B"
"close","close"
"critical","critical"
"example: ""sitemap/"" or ""/"" for base path (path must be writeable)","example: ""sitemap/"" or ""/"" for base path (path must be writeable)"
"example: sitemap.xml","example: sitemap.xml"
"from","from"
"images/logo.gif","images/logo.gif"
"items selected","poster valda"
"major","major"
"md5sum","MD5-summa"
"minor","minor"
"notice","notice"
"of %s pages","av %s sidor"
"or","or"
"per page","per sida"
"store(%s) scope","omfång för butik(%s)"
"to","till"
"website(%s) scope","omfång för webbplats(%s)"
"{{base_url}} is not recommended to use in a production environment to declare the Base Unsecure Url / Base Secure Url. It is highly recommended to change this value in your Magento <a href=""%s"">configuration</a>.","{{base_url}} is not recommended to use in a production environment to declare the Base Unsecure Url / Base Secure Url. It is highly recommended to change this value in your Magento <a href=""%s"">configuration</a>."
"Payment from Applicable Countries","Betalning från tillämpliga länder"
"Payment from Specific Countries","Betalning från specifika länder"
"New order status","Status för ny beställning"