id,SKU,TITLE,Status,URL
4993,",","iPhone 6G Charging Flex Copy Silver",2,http://www.g-sp.se/foretag/iphone-6g-charging-flex-copy-silver-5376?SID=irfg5e6qkkn9hofc4qndgmrgq7
5598,",4897058381177","6/6S Icare Cow Leather Black Case",2,http://www.g-sp.se/foretag/6-6s-icare-cow-leather-black-case?SID=irfg5e6qkkn9hofc4qndgmrgq7
4963,",4897058382280","6S/6G Lamb Line Case Black With Wallet",2,http://www.g-sp.se/foretag/6s-6g-lamb-line-case-black-with-wallet?SID=irfg5e6qkkn9hofc4qndgmrgq7
4964,",4897058382297","6S/6G Lamb Line Case Brown With Wallet",2,http://www.g-sp.se/foretag/6s-6g-lamb-line-case-brown-with-wallet?SID=irfg5e6qkkn9hofc4qndgmrgq7
4965,",4897058382303","6S/6G Lamb Line Case Blue With Wallet",2,http://www.g-sp.se/foretag/6s-6g-lamb-line-case-blue-with-wallet?SID=irfg5e6qkkn9hofc4qndgmrgq7
4966,",4897058382310","6S/6G Lamb Line Case Red With Wallet",2,http://www.g-sp.se/foretag/6s-6g-lamb-line-case-red-with-wallet?SID=irfg5e6qkkn9hofc4qndgmrgq7
4987,",4897058382341","Samsung S7 Case Diamond Black",2,http://www.g-sp.se/foretag/samsung-s7-case-diamond-black?SID=irfg5e6qkkn9hofc4qndgmrgq7
5001,",4897058382433","Iphone 6/6S PC Ring Case Black",2,http://www.g-sp.se/foretag/iphone-6-6s-pc-ring-case-black?SID=irfg5e6qkkn9hofc4qndgmrgq7
4975,",4897058382488","6S/6G Cow Line Case With Wallet Red",2,http://www.g-sp.se/foretag/6-6s-cow-line-case-with-wallet-red?SID=irfg5e6qkkn9hofc4qndgmrgq7
4976,",4897058382495","6S/6G Cow Line Case With Wallet Khaki",2,http://www.g-sp.se/foretag/6-6s-cow-line-case-with-wallet-khaki?SID=irfg5e6qkkn9hofc4qndgmrgq7
4977,",4897058382501","6S/6G Cow Line Case With Wallet Brown",2,http://www.g-sp.se/foretag/6-6s-cow-line-case-with-wallet-brown?SID=irfg5e6qkkn9hofc4qndgmrgq7
4978,",4897058382518","6S/6G Cow Line Case With Wallet Black",2,http://www.g-sp.se/foretag/6-6s-cow-line-case-with-wallet-black?SID=irfg5e6qkkn9hofc4qndgmrgq7
5326,",6950290636660","ROCK Rosewood Case for iPhone7",2,http://www.g-sp.se/foretag/rock-rosewood-case-for-iphone-7?SID=irfg5e6qkkn9hofc4qndgmrgq7
5327,",6950290636684","ROCK Black Rosewood Case for iPhone 7",2,http://www.g-sp.se/foretag/rock-black-rosewood-case-for-iphone-7?SID=irfg5e6qkkn9hofc4qndgmrgq7
4945,",6953156247703","Baseus Samsung Note 7 Case Blue",2,http://www.g-sp.se/foretag/baseus-samsung-note-7-case-blue?SID=irfg5e6qkkn9hofc4qndgmrgq7
4944,",6953156247710","Baseus Samsung Note 7 Case Rose Gold",2,http://www.g-sp.se/foretag/baseus-samsung-note-7-case-rose-gold?SID=irfg5e6qkkn9hofc4qndgmrgq7
4946,",6953156247727","Baseus Samsung Note 7 Case Grey",2,http://www.g-sp.se/foretag/baseus-samsung-note-7-case-grey?SID=irfg5e6qkkn9hofc4qndgmrgq7
1238,",6955250265836","5G/5S Lamborghini Flip Open Orange",2,http://www.g-sp.se/foretag/5g-5s-lamborghini-flip-open-orange?SID=irfg5e6qkkn9hofc4qndgmrgq7
1237,",6955250267168","5G/5S Lamborghini Hard Case Yellow",2,http://www.g-sp.se/foretag/5g-5s-lamborghini-hard-case-yellow?SID=irfg5e6qkkn9hofc4qndgmrgq7
4853,",6SP28","iPhone 6S Plus sim card tray rose pink",2,http://www.g-sp.se/foretag/iphone-6sp-lcd-housing-adhesive-black-5089?SID=irfg5e6qkkn9hofc4qndgmrgq7
5555,",78P7550002N","Sony M2 Aqua LCD Complete Black",2,http://www.g-sp.se/foretag/catalog/product/view/id/5555/s/sony-m2-aqua-lcd-complete-black/?SID=irfg5e6qkkn9hofc4qndgmrgq7
1105,",7963164821061","Charging Kit",2,http://www.g-sp.se/foretag/charging-kit?SID=irfg5e6qkkn9hofc4qndgmrgq7
4098,",8714574586588","Canon Power Shot S110",2,http://www.g-sp.se/foretag/catalog/product/view/id/4098/s/canon-power-shot-s110/?SID=irfg5e6qkkn9hofc4qndgmrgq7
5217,",DAT62","Sony VAIO SVE151J11M replacement laptop screen",2,http://www.g-sp.se/foretag/sony-vaio-sve151j11m-replacement-laptop-screen?SID=irfg5e6qkkn9hofc4qndgmrgq7
5168,",DAT64","Screen LCD CLAA154WP05",2,http://www.g-sp.se/foretag/catalog/product/view/id/5168/s/screen-ccfl-chunghwa-154wp05s/?SID=irfg5e6qkkn9hofc4qndgmrgq7
5553,",EB-B600BEBECWW","Samsung GT-I9505 S4 Batteri",2,http://www.g-sp.se/foretag/catalog/product/view/id/5553/s/samsung-gt-i9505-s4-batteri/?SID=irfg5e6qkkn9hofc4qndgmrgq7
5554,",EB-BJ510CBEGWW","Samsung SM-J510 Batteri",2,http://www.g-sp.se/foretag/catalog/product/view/id/5554/s/samsung-sm-j510-batteri/?SID=irfg5e6qkkn9hofc4qndgmrgq7
5552,",EB-BN910BBEGWW","Samsung SM-N910 Note 4 Batteri EB-BN910BBEGWW",2,http://www.g-sp.se/foretag/catalog/product/view/id/5552/s/samsung-sm-n910-note-4-batteri-eb-bn910bbegww/?SID=irfg5e6qkkn9hofc4qndgmrgq7
5459,",HUAH806","Huawei Honor 8 LCD black original",2,http://www.g-sp.se/foretag/huawei-honor-8-lcd-original-black?SID=irfg5e6qkkn9hofc4qndgmrgq7
5460,",HUAH807","Huawei Honor 8 LCD white original",2,http://www.g-sp.se/foretag/huawei-honor-8-lcd-original-white?SID=irfg5e6qkkn9hofc4qndgmrgq7
5412,",LENM3-1030","Lenovo MIIX 3-1030 LCD Complete",2,http://www.g-sp.se/foretag/lenovo-miix-3-1030-lcd-complete?SID=irfg5e6qkkn9hofc4qndgmrgq7
5428,",N156HGE-EA1","Screen N156HGE-EA1 LED",2,http://www.g-sp.se/foretag/screen-n156hge-ea1-led?SID=irfg5e6qkkn9hofc4qndgmrgq7
151,",T603004","Air 2 LZW Case Dark Blue",2,http://www.g-sp.se/foretag/air-2-lzw-case-dark-blue?SID=irfg5e6qkkn9hofc4qndgmrgq7
130,",T605009","iPhone 5G pocket  Case Brown ",2,http://www.g-sp.se/foretag/5g-npy-case-brown-xb?SID=irfg5e6qkkn9hofc4qndgmrgq7
