SKU,img
`SAMG950F25,/s/a/samg950f26.jpg
`SAMG950F25,/s/a/samg950f26-1.jpg
`SAMG950F26,/s/a/samg950f26_1.jpg
`SAMG950F26,/s/a/samg950f26-1_1.jpg
`SAMG935F05,/s/a/samg935f05.jpg
`SAMG935F01,/s/a/samg935f01.jpg
`SAMG935F01,/s/a/samg935f01-1.jpg
`SAMG935F20,/s/a/samg935f20.jpg
`SAMG930F01,/s/a/samg930f01.jpg
`SAMG930F01,/s/a/samg930f01-1.jpg
`GH31-00728A,/s/7/s7_vibrator.jpg
`GH82-11429A,/g/h/gh82-11429a.jpg
`GH97-17819A,/s/a/samsung-g928f-galaxy-s6-edge-lcd-display-module-go.jpg
`GH97-17819B,/s/a/samsung-galaxy-samsung-galaxy-s6-edge_-lcd.jpg
`GH82-10336B,/g/h/gh82-10336b-samsung-galaxy-s6-edge_-back-cover-black.jpg
`GH82-10336D,/g/h/gh82-10336d-samsung-galaxy-s6-edge_-back-cover-silver.jpg
`SAMG928F19,/s/a/samg928f19.jpg
`SAG92534,/s/6/s6edgewhite.jpg
`SAG92533,/s/6/s6edgeblack.jpg
`GH43-04420B,/g/h/gh43-04420b.jpg
`SAG92520,/s/a/sag92520-1.jpg
`SAG92520,/s/a/sag92520-2.jpg
`SAG92519,/s/a/sag92519-1.jpg
`SAG92519,/s/a/sag92519-2.jpg
`GH82-09548C,/g/h/gh82-09548c-2.jpg
`GH82-09548C,/g/h/gh82-09548c-1.jpg
`SAG92009,/s/a/sag92009-1.jpg
`SAG92009,/s/a/sag92009-2.jpg
`SAG92007,/5/6/5681-51-sag92007_gspelectronics_01_1.jpg
`SAG92007,/5/6/5682-51-sag92007_gspelectronics_02_1.jpg
`SAG92021,/s/a/sag92021-2.jpg
`SAG92021,/s/a/sag92021-1.jpg
`SAG92016,/s/a/sag92016-1.jpg
`SAG92016,/s/a/sag92016-2.jpg
`SAG92020,/s/a/sag92020-1.jpg
`SAG92020,/s/a/sag92020-2.jpg
`GH97-18249A,/g/h/gh97-18249a.jpg
`GH97-18249A,/g/h/gh97-18249a-2.jpg
`GH82-11093A,/1/0/1000x1000-zoom_samsung-galaxy-a3-a310-baksida-guld.jpg
`GH82-11093B,/s/a/samsung-a310-baksida-svart.jpg
`GH82-11093C,/g/h/gh82-11093c.jpg
`SAMA310F02,/s/a/sama310f02-1.jpg
`SAMA310F02,/s/a/sama310f02.jpg
`SAMA310F11,/s/a/sama310f11_1_1.jpg
`SAMA310F11,/s/a/sama310f11_2_1.jpg
`SAMA310F12,/s/a/sama510f12_2_1.jpg
`SAMA310F12,/s/a/sama310f12_1_1.jpg
`SAMA310F08,/s/a/sama310f08.jpg
`SAMA310F09,/s/a/sama310f09.jpg
`SAMA310F13,/s/a/sama310f13.jpg
`SAMA310F04,/s/a/sama310f04.jpg
`SAMA310F04,/s/a/sama310f04-1.jpg
`SAMA310F06,/s/a/sama310f06.jpg
`SAMA310F03,/s/a/sama310f03.jpg
`SAMA310F10,/s/a/sama310f10.jpg
`GH97-18224A,/g/h/gh97-18224a_1_1.jpg
`GH97-18224A,/g/h/gh97-18224a_2_1.jpg
`GH97-18224B,/g/h/gh97-18224b_1.jpg
`GH97-18224B,/g/h/gh97-18224b_2.jpg
`GH97-18224C,/g/h/gh97-18224c_1.jpg
`GH97-18224C,/g/h/gh97-18224c_2.jpg
`gh97-17667a,/g/o/good-quality-touch-screen-digitizer-glass-font-b-lcd-b-font-display-assembly-for-galaxy-font.jpg
`SAMJ500F02,/s/a/samj500f02_2.jpg
`SAMJ500F02,/s/a/samj500f02_1.jpg
`SAMJ500F01,/s/a/samj500f01_1.jpg
`SAMJ500F01,/s/a/samj500f01_2.jpg
`SAMJ500F03,/s/a/samj500f03_1.jpg
`SAMJ500F03,/s/a/samj500f03_2.jpg
`SAMJ500F08,/s/a/samj500f08.jpg
`SAMJ500F09,/s/a/samj500f09.jpg
`SAMJ500F06,/s/a/samj500f06.jpg
`SAMJ500F04,/s/a/samj500f04.jpg
`SAMJ500F07,/s/a/samj500f07.jpg
`SAMJ500F05,/s/a/samj500f05.jpg
`SM410,/1/7/1796-51-sm410.jpg
`SM410,/s/m/sm410-1.jpg
`SM410,/s/m/sm410.jpg
`SM308,/1/7/1792-51-sm308.jpg
`SM310,/s/m/sm310.jpg
`SAMG900F04,/s/a/samg900f04.jpg
`SAMG900F05,/s/a/samg900f05.jpg
`SAMG900F06,/s/a/samg900f06.jpg
`SM418,/s/m/sm418.jpg
`GH97-16147D,/5/0/5011-51-samsunggalaxys5minig800lcdgold.jpg
`GH97-16147B,/5/0/5012-51-samsunggalaxys5minig800lcdwhite.png
`GH97-16147A,/g/e/genuine-samsung-galaxy-s5-mini-lcd-and-digitizer-complete-in-black-sm-g800f.jpg
`4897058380637,/4/8/4897058380637.jpg
`SM220,/2/3/2351-51-sm220.jpg
`8806085601840,/8/8/8806085601840.jpg
`4897058380637,/4/8/4897058380637.jpg
`SM185,/2/4/2421-51-sm185.jpg
`SM186,/2/4/2425-51-sm186.jpg
`SM427,/c/h/charge-flex-samsung-galaxy-s4-mini-sm427-gspelectronics-01.jpg
`SM427,/c/h/charge-flex-samsung-galaxy-s4-mini-sm427-gspelectronics-02.jpg
`SM183,/s/i/sim-reader-samsung-galaxy-s4-mini-sm183-gspelectronics-01.jpg
`SM183,/s/i/sim-reader-samsung-galaxy-s4-mini-sm183-gspelectronics-02.jpg
`SM200,/t/o/touch-black-samsung-galaxy-s3-sm200-gspelectronics.01.jpg
`SM200,/t/o/touch-black-samsung-galaxy-s3-sm200-gspelectronics.02.jpg
`SM199,/1/8/1817-51-sm199.jpg
`SM352,/s/m/sm352-1.jpg
`SM352,/s/m/sm352.jpg
`SM201,/1/5/1584-51-sm201.jpg
`TOL29,/t/o/tol29.jpg
`GH97-14106C,/g/h/gh97-14106c.jpg
`SM351,/s/m/sm351.jpg
`8806085293939,/8/8/8806085293939.jpg
`SM349,/s/m/sm349.jpg
`SM329,/s/a/samsung-galaxy-s3-touch-red-sm329_gspelectronics.jpg
`SAMA7001,/s/a/sama7001-2.jpg
`SAMA7001,/s/a/sama7001-1.jpg
`SAMA7002,/5/7/5704-51-sama7002_gspelectronics_01.jpg
`SAMA7002,/5/7/5705-51-sama7002_gspelectronics_02.jpg
`SAMA7003,/5/7/5706-51-sama7003_gspelectronics_01.jpg
`SAMA7003,/5/7/5707-51-sama7003_gspelectronics_02.jpg
`GH97+16679B,/g/h/gh97-16679b_1.jpg
`GH97+16679B,/g/h/gh97-16679b.jpg
`GH97+16679A,/g/h/gh97_16679a.jpg
`SAMA5005,/s/a/sama5005-1.jpg
`SAMA5005,/s/a/sama5005-2.jpg
`SAMA5001,/s/a/sama5001-2_1.jpg
`SAMA5001,/s/a/sama5001-1_1.jpg
`4897058380590,/4/8/4897058380590.jpg
`SAMA5003,/s/a/sama5003-2.jpg
`SAMA5003,/s/a/sama5003-1.jpg
`SAMA5004,/s/a/sama5004-1.jpg
`GH97+16747A,/g/h/gh97-16747a.jpg
`SAMA3002,/s/a/sama3002-2.jpg
`SAMA3002,/s/a/sama3002-1.jpg
`GH96-08064D,/j/1/j1_touch_black.jpg
`GH96-08064E,/g/h/gh96-08064e_01.jpg
`GH96-08064E,/g/h/gh96-08064e_02.jpg
`SAMJ100H07,/s/a/samj100h07.jpg
`SAMJ100H08,/s/a/samj100h08.jpg
`SAMJ100H06,/s/a/samj100h06.jpg
`SAMJ100H05,/s/a/samj100h05.jpg
`SM537,/s/m/sm537.jpg
`GH97-12712A,/s/a/samsung-s2-i9100-lcd-white-gh97-12712a-gspelectronics.jpg
`SM132,/1/0/1090-51-sm132.jpg
`SM163,/s/m/sm163.jpg
`EJ-PN910BBEGWW,/e/j/ej-pn910bbegww.jpg
`GH98-33618B,/g/h/gh98-33618b.jpg
`SM395,/5/7/5712-51-sm395_gspelectronics_02.jpg
`SM395,/5/7/5711-51-sm395_gspelectronics_01.jpg
`SAMN910F05,/s/a/samn910f05.jpg
`FM49,/2/2/2292-51-fm49.jpg
`SM109,/c/h/charge-connector-samsung-galaxy-note-2-sm109-gspelectronics-01.jpg
`SM109,/c/h/charge-connector-samsung-galaxy-note-2-sm109-gspelectronics-02.jpg
`SM148,/2/2/2279-51-sm148.jpg
`SM149,/s/m/sm149.jpg
`TOL31,/t/o/tol31.jpg
`SM380,/s/m/sm380-samsung-galaxy-note2-back-adhesive.jpg
`GH96-07760A,/s/a/samsung-g530f-galaxy-grand-prime-touchscreen-white-displ.jpg
"`GH96-07760B ",/s/a/samsung-g530f-galaxy-grand-prime-touchscreen-black-displ.jpg
`GH96-07803B,/s/a/samsung-g530f-galaxy-grand-prime-touchscreen-black-displ_1.jpg
`GH96-07803A,/s/a/samsung-g530f-galaxy-grand-prime-touchscreen-white-displ_1.jpg
`SAMG530F08,/s/a/samg530f08.jpg
`SAMG530F09,/s/a/samg530f09.jpg
`SAMG530F06,/s/a/samg530f06.jpg
`SAMG530F06,/s/a/samg530f06-1.jpg
`SAMG530F04,/s/a/samg530f04.jpg
`SAMG530F04,/s/a/samg530f04-1.jpg
`SAMG530F07,/s/a/samg530f07.jpg
`SAMG530F07,/s/a/samg530f07-1.jpg
`SAMG530F05,/s/a/samg530f05.jpg
`SAMG530F10,/s/a/samg530f10.jpg
`GH96-08740B,/g/h/gh96-08740b_--.jpg
`SAMG360F05,/s/a/samg360f05.jpg
`SAMG360F06,/s/a/samg360f06.jpg
`SAMG360F04,/s/a/samg360f04.jpg
`SAMG360F03,/s/a/samg360f03.jpg
`SAMG360F07,/s/a/samg360f07.jpg
`SM241,/t/o/touch-black-samsung-galaxy-core-plus-g3500-gspelectronics-sm241.jpg
`GH96-08338A,/g/h/gh96-08338a_02.jpg
`GH96-08338A,/g/h/gh96-08338a_01.jpg
`GH98-36285A,/g/h/gh98-36285a_01.jpg
`GH98-36285A,/g/h/gh98-36285a_02.jpg
`SM420,/2/5/2500-51-sm420.jpg
`SM245,/1/6/1604-51-sm245.jpg
`SM244,/1/6/1603-51-sm244.jpg
`SM194,/s/m/sm194.jpg
`SM160,/2/3/2360-51-sm160.jpg
`SM251,/s/m/sm251_02.jpg
`SM251,/s/m/sm251_01.jpg
`GH97-16386C,/l/c/lcd-blue-samsung-galaxy-g850f-alpha-gh97-16386c.jpg
`GH97-16386B,/l/c/lcd-gold-samsung-galaxy-g850f-alpha-gh97-16386b.jpg
`GH97-16386A,/l/c/lcd-black-samsung-galaxy-g850f-alpha-gh97-16386a.jpg
`GH97-16386E,/l/c/lcd-silver-samsung-galaxy-g850f-alpha-gh97-16386e.jpg
`SM114,/9/5/958-51-sm114.jpg
`GH97-15986A,/g/h/gh97-15986a.jpg
`SM61,/t/o/touch-white-samsung-i8160-gspelectronics-sm61.jpg
`SM54,/l/c/lcd-ska_rm-samsung-galaxy-ace-s5830-gspelectronics-sm54.jpg
`GH96-08622A,/s/a/samsung-galaxy-v-plus-lcd-1.jpg
`GH96-08622A,/s/a/samsung-galaxy-v-plus-lcd.jpg
`SAMJ310F01,/s/a/samj310f01_1.jpg
`SAMJ510F04,/s/a/samj510f04.jpg
`SM80,/1/0/1038-51-sm80.jpg
`SM58,/6/0/600-51-sm58.jpg
`GH97-14204A,/s/a/samsung-s3-mini-lcd.jpg
`GH97-14204A,/s/a/samsung-s3-mini-lcd-1.jpg
`BA129,/b/a/ba129.jpg
`SM415,/2/3/2340-51-sm415.jpg
`SM164,/2/5/2502-27-sm164.jpg
`SM66,/t/o/touch-black-samsung-i8530-sm66.jpg
`SM172,/t/o/touch-samsung-galaxy-apollo-i5800-gspelectronics-sm172.jpg
`SM236,/l/c/lcd-ska_rm-samsung-galaxy-3-i5800-gspelectronics-sm236.jpg
`SM15,/l/c/lcd-ska_rm-samsung-i5500-gspelectronics-sm15.jpg
`SM04,/1/0/1025-51-sm04.jpg
`SM123,/1/2/1257-51-sm123.jpg
`SM122,/1/0/1070-51-sm122.jpg
`FM14,/f/m/fm14-2_1.jpg
`FM14,/f/m/fm14-1_1.jpg
`SM540,/s/m/sm540.jpg
`SM06,/1/3/1309-51-sm06.jpg
`SM92,/1/2/1252-51-sm92.jpg
`SM239,/2/3/2386-51-sm239.jpg
`SM227,/2/4/2448-51-sm227.jpg
`SM226,/2/4/2447-27-sm226.jpg
`SM44,/s/a/samsung-s5230-touch-black-sm44-gspelectronics-02.jpg
`SM44,/s/a/samsung-s5230-touch-black-sm44-gspelectronics-01.jpg
`GH96-03746A,/g/h/gh96-03746a-samsung-gt-s8000-jet-lcd.jpg
`GH07-01258A,/g/h/gh07-01258a-samsung-f480-lcd.jpg
`SM409,/2/4/2493-51-sm409.jpg
`SM507,/1/6/1616-51-sm507.jpg
`SM545,/s/m/sm545_1.jpg
`SM516,/t/o/touch-white-samsung-galaxy-tab-4-sm-t535-4g-sm516-gspelectronics-01.jpg
`SM516,/t/o/touch-white-samsung-galaxy-tab-4-sm-t535-4g-sm516-gspelectronics-02.jpg
`SM402,/2/4/2484-51-sm402.jpg
`SM416,/2/3/2365-27-sm416.jpg
`GH43-03508A,/g/h/gh43-03508a.jpg
`SM119,/7/5/756-27-sm119.jpg
`SM166,/2/5/2516-27-sm166.jpg
`SM422,/h/o/home-button-flex-white-samsung-galaxy-tab-3-sm422-gspelectronics-01.jpg
`SM422,/h/o/home-button-flex-white-samsung-galaxy-tab-3-sm422-gspelectronics-02.jpg
`SM315,/s/m/sm315.jpg
`SM301,/1/6/1607-51-sm301.jpg
`SM407,/2/4/2490-27-sm407.jpg
`SM401,/s/a/samsung-galaxy-tab-4-touch-black-sm401-gspelectronics.jpg
`SM408,/2/4/2486-27-sm408.jpg
`SAMT55501,/s/a/samt55501.jpg
`SAMT55501,/s/a/samt55502_3_1.jpg
`SAMT55502,/s/a/samt55502_2.jpg
`SAMT55502,/s/a/samt55502_1.jpg
`SAMT55502,/s/a/samt55502_3.jpg
`GH96-08538A,/g/h/gh96-08538a_1.jpg
`GH96-08538A,/g/h/gh96-08538a_2.jpg
`SM120,/1/1/1192-27-sm120.jpg
`7P21,/7/p/7p21_1.jpg
`7P22,/7/p/7p21.jpg
`7G25,/7/g/7g25-1_1.jpg
`7G26,/7/g/7g25-1.jpg
`5S23,/5/s/5s23_1.jpg
`5S20,/5/s/5s20_1.jpg
`CO5G09,/h/a/hal-mirror-gold-iphone5-gspelectronics-co5g09.jpg
`5G15,/i/p/iphone-5g-charge-audio-flex-white-5g15-gspelectronics-01.jpg
`5G15,/i/p/iphone-5g-charge-audio-flex-white-5g15-gspelectronics-02.jpg
`5G14,/i/p/iphone-5g-charge-audio-flex-black-5g14-gspelectronics-01.jpg
`5G14,/i/p/iphone-5g-charge-audio-flex-black-5g14-gspelectronics-02.jpg
`5G79,/5/g/5g79.jpg
`5G80,/5/g/5g80.jpg
`5G81,/5/g/5g81.jpg
`IPAP52,/i/p/ipap52-1_1.jpg
`IPAP52,/i/p/ipap52-2_1.jpg
`IPAP53,/i/p/ipap53.jpg
`IPAP53,/i/p/ipap53_1.jpg
`IPAP53,/i/p/ipap53-2.jpg
`IPAP51,/i/m/image3_2_.jpg
`IPAP50,/i/p/ipap50.jpg
`IPAP06,/i/p/ipap06.jpg
`IPAP06,/i/p/ipap06-1.jpg
`IPAP03,/i/p/ipap03.jpg
`IPAP03,/i/p/ipap03-1.jpg
`IPAP05,/i/p/ipap05.jpg
`GSP009,/g/s/gsp009.jpg
`GSP010,/i/p/ipad_air_batteri.jpg
`BA77,/b/a/batteri-original-ipad3-gspelectronics-ba77.jpg
`AP48,/t/o/touch-pink-ipad2-gspelectronics-ap48.jpg
`AP47,/t/o/touch-blue-ipad2-gspelectronics-ap47.jpg
`AP48,/t/o/touch-pink-ipad2-gspelectronics-ap48.jpg
`AP47,/t/o/touch-blue-ipad2-gspelectronics-ap47.jpg
`IPAF38,/h/o/homebutton-ipad-1-black-ipaf38.png
`IPAM404,/i/p/ipam404-1.jpg
`IPAM404,/i/p/ipam404-2.jpg
`AP129,/c/h/charger-flex-black-ipad-mini-3-ap129-gspelectronics-02.jpg
`AP129,/c/h/charger-flex-black-ipad-mini-3-ap129-gspelectronics-01.jpg
`AP124,/g/-/g-sp-antenna-flex-cable-ipad-mini-3-ap124-gspelectronics-02.jpg
`AP124,/g/-/g-sp-antenna-flex-cable-ipad-mini-3-ap124-gspelectronics-01.jpg
`AP204,/a/p/ap204_1.jpg
`AP204,/a/p/ap204_2.jpg
`AP205,/a/p/ap205_2.jpg
`AP205,/a/p/ap205_1.jpg
`AP58,/a/p/ap58.jpg
`AP134,/i/p/ipad_mini_touch_black_copy.jpg
`4897058380064,/4/8/4897058380064_3.jpg
`4897058382914,/i/p/iphone6-6s_0.33_2.jpg
`4897058382914,/f/i/file_16.jpg
`4897058382914,/i/p/iphone6_-__2.jpg
`4897058382921,/i/p/iphone6-6s_0.33.jpg
`4897058382921,/f/i/file_14.jpg
`4897058382921,/i/p/iphone6_-_.jpg
`4897058382747,/i/p/iphone7_-__7.jpg
`4897058382747,/i/h/ihone7plus_0.2.jpg
`4897058382747,/f/i/file_7.jpg
`4897058382938,/f/i/file_4.jpg
`4897058382938,/i/h/ihone7_0.33__1.jpg
`4897058382938,/i/p/iphone7_-__4.jpg
`4897058382945,/f/i/file_3.jpg
`4897058382945,/i/p/iphone7_-__3.jpg
`4897058382945,/i/h/ihone7_0.33_.jpg
`4897058382723,/4/8/4897058382723-3.jpg
`4897058382723,/4/8/4897058382723-1.jpg
`4897058382723,/4/8/4897058382723-2.jpg
`4897058382730,/i/h/ihone7_0.33.jpg
`4897058382730,/i/p/iphone7_-__1.jpg
`4897058382730,/f/i/file_1.jpg
`4897058382754,/i/p/iphone7_-__6.jpg
`4897058382754,/f/i/file_6.jpg
`4897058382754,/i/h/ihone7plus_0.33.jpg
`4897058380163,/4/8/4897058380163-3.jpg
`4897058380163,/4/8/4897058380163-2.jpg
`4897058380163,/4/8/4897058380163-1.jpg
`4897058381092,/4/8/4897058381092-3.jpg
`4897058381092,/4/8/4897058381092-1.jpg
`4897058381092,/4/8/4897058381092-2.jpg
`4897058382839,/4/8/4897058382839-3.jpg
`4897058382839,/4/8/4897058382839-1.jpg
`4897058382839,/4/8/4897058382839-2.jpg
`4897058382846,/4/8/4897058382846-1.jpg
`4897058382846,/4/8/4897058382846-2.jpg
`4897058382846,/4/8/4897058382846-3.jpg
`4897058382853,/4/8/4897058382853-3.jpg
`4897058382853,/4/8/4897058382853-1.jpg
`4897058382853,/4/8/4897058382853-2.jpg
`4897058382860,/4/8/4897058382860-1.jpg
`4897058382860,/4/8/4897058382860-2.jpg
`4897058382860,/4/8/4897058382860-3.jpg
`4897058381030,/m/a/main_14.jpg
`4897058381047,/m/a/main_15.jpg
`4897058382907,/g/a/galaxy_s6-_.jpg
`4897058382907,/g/a/galaxy_s6_.jpg
`4897058382907,/f/i/file_8.jpg
`4897058382877,/g/a/galaxy_j5_.jpg
`4897058382877,/f/i/file_11.jpg
`4897058382877,/g/a/galaxy_j5-_.jpg
`4897058382884,/g/a/galaxy_a5_.jpg
`4897058382884,/f/i/file_10.jpg
`4897058382884,/g/a/galaxy_a5-_.jpg
`4897058382891,/f/i/file_9.jpg
`4897058382891,/g/a/galaxy_a3_.jpg
`4897058382891,/g/a/galaxy_a3-_.jpg
`4897058381023,/m/a/main.jpg
`4897058380941,/m/a/main_13.jpg
`4897058380934,/m/a/main_12.jpg
`TBH2009,/t/b/tbh2009.jpg
`TBH2007,/t/b/tbh2006_1.jpg
`TBH2008,/t/b/tbh2006_2.jpg
`4897058380958,/m/a/main_16.jpg
`4897058380965,/m/a/main_20.jpg
`4897058380972,/m/a/main_21.jpg
`4897058382808,/4/8/4897058382808-2.jpg
`4897058382808,/4/8/4897058382808-1.jpg
`4897058382808,/4/8/4897058382808-3.jpg
`TBH2005,/t/b/tbh2005.jpg
`TBH2006,/t/b/tbh2006.jpg
`4897058380828,/m/a/main_1.jpg
`4897058380996,/m/a/main_17.jpg
`4897058380811,/m/i/mian.jpg
`4897058380835,/m/a/main_2.jpg
`4897058380989,/m/i/mian_1.jpg
`4897058381016,/m/a/main_19.jpg
`4897058381009,/m/a/main_18.jpg
`4897058380897,/m/a/main_8.jpg
`4897058380880,/m/a/main_7.jpg
`4897058380873,/m/a/main_6.jpg
`4897058380866,/m/a/main_5.jpg
`4897058380903,/m/a/main_9.jpg
`4897058380910,/m/a/main_10.jpg
`4897058380927,/m/a/main_11.jpg
`4897058382822,/f/i/file_13.jpg
`4897058382822,/h/o/honor_8_.jpg
`4897058382822,/h/o/honor_8__1.jpg
`4897058380408,/s/u/superglass-lgg4-_4897058380408-gspelectronics.jpg
`4897058383911,/4/8/4897058383911-1.jpg
`4897058383911,/4/8/4897058383911-2.jpg
`4897058383928,/4/8/4897058383928-1.jpg
`4897058383928,/4/8/4897058383928-2.jpg
`tab30pin,/t/a/tab30-samsung-laddkabel.jpg
`tab30pin,/t/a/tab30pin.jpg
`4897058383690,/4/8/4897058383690-4.jpg
`4897058383690,/4/8/4897058383690-1.jpg
`4897058383690,/4/8/4897058383690-2.jpg
`4897058383690,/4/8/4897058383690-3.jpg
`4897058383669,/4/8/4897058383669-1.jpg
`4897058383669,/4/8/4897058383669-3.jpg
`4897058383669,/4/8/4897058383669-4.jpg
`4897058383669,/4/8/4897058383669-2.jpg
`4897058383676,/4/8/4897058383676-1.jpg
`4897058383676,/4/8/4897058383676-4.jpg
`4897058383676,/4/8/4897058383676-3.jpg
`4897058383676,/4/8/4897058383676-2.jpg
`4897058383683,/4/8/4897058383683-3.jpg
`4897058383683,/4/8/4897058383683-4.jpg
`4897058383683,/4/8/4897058383683-2.jpg
`4897058383683,/4/8/4897058383683-1.jpg
`4897058385304,/8/_/8_1_2.jpg
`4897058385304,/3/_/3_3_1.jpg
`4897058385304,/9/_/9__1.jpg
`4897058385304,/5/_/5_.jpg
`4897058383751,/4/8/4897058383751-1.jpg
`4897058383751,/4/8/4897058383751-2.jpg
`4897058385342,/4/8/4897058385342_.jpg
`4897058385342,/4/8/4897058385342-2_.jpg
`4897058385342,/4/8/4897058385342-3_.jpg
`4897058385342,/4/8/4897058385342-1_.jpg
`4897058383195,/4/8/4897058383195-1.jpg
`4897058383195,/4/8/4897058383195-2.jpg
`4897058383164,/4/8/4897058383164-1.jpg
`4897058383164,/4/8/4897058383164-2.jpg
`4897058383812,/4/8/4897058383812-1.jpg
`4897058383812,/4/8/4897058383812-3.jpg
`4897058383812,/4/8/4897058383812-2.jpg
`4897058383812,/4/8/4897058383812-4.jpg
`4897058383829,/4/8/4897058383829-3.jpg
`4897058383829,/4/8/4897058383829-1.jpg
`4897058383829,/4/8/4897058383829-4.jpg
`4897058383829,/4/8/4897058383829-2.jpg
`4897058383775,/4/8/4897058383775-4.jpg
`4897058383775,/4/8/4897058383775-3.jpg
`4897058383775,/4/8/4897058383775-2.jpg
`4897058383775,/4/8/4897058383775-1.jpg
`4897058383799,/4/8/4897058383799-2.jpg
`4897058383799,/4/8/4897058383799-3.jpg
`4897058383799,/4/8/4897058383799-1.jpg
`4897058383799,/4/8/4897058383799-4.jpg
`4897058383805,/4/8/4897058383805-2.jpg
`4897058383805,/4/8/4897058383805-3.jpg
`4897058383805,/4/8/4897058383805-1.jpg
`4897058383805,/4/8/4897058383805-4.jpg
`4897058383768,/4/8/4897058383768-1.jpg
`4897058383768,/4/8/4897058383768-2.jpg
`4897058383836,/4/8/4897058383836-3.jpg
`4897058383836,/4/8/4897058383836-1.jpg
`4897058383836,/4/8/4897058383836-2.jpg
`4897058383836,/4/8/4897058383836-4.jpg
`4897058383843,/4/8/4897058383843-2.jpg
`4897058383843,/4/8/4897058383843-1.jpg
`4897058383843,/4/8/4897058383843-4.jpg
`4897058383843,/4/8/4897058383843-3.jpg
`4897058382334,/4/8/4897058382334_01.jpg
`4897058382334,/4/8/4897058382334_02.jpg
`4897058382419,/0/1/01-01390.jpg
`4897058382402,/t/h/thumb_00-d13d4.jpg
`T602020,/i/p/iphone-6-plus-case-pink-aima-t602020-gspelectronics.jpg
`7394090900184,/k/r/krusell_frostcover_89989_front.jpg
`7394090900207,/f/r/frost_cover_iphone_6_plus_pink-600x600.jpg
`7394090900177,/k/r/krusell_frost_cover_iphone_6_plus_grey.jpg
`6955250265904,/6/9/6955250265904.jpg
`6955250265867,/6/9/6955250265867.jpg
`6955250265805,/3/6/3680-51-6955250265805.jpg
`6955250267281,/3/6/3672-51-6955250267281.jpg
`KA42,/l/a/ladda_ned_1_.jpg
`4897058380132,/4/8/4897058380132.jpg
`AP05-PKP,/i/m/image1.jpg
`AP05-PKP,/i/m/image2.jpg
`AP05-PKP,/i/m/image3.jpg
`AP05-PKP,/i/m/image4.jpg
`AP05-PKP,/a/p/ap05-pkp.jpg
`6955250255837,/6/9/6955250255837_1.jpg
`6955250255851,/6/9/6955250255851.jpg
`6955250255844,/l/a/lamborhini-wallet-case-iphone4-black-yellow-6955250255844-02.jpg
`6955250255844,/l/a/lamborhini-wallet-case-iphone4-black-yellow-6955250255844-01.jpg
`KA112,/5/0/5080cf5885158_06.jpg
`5017416492607,/7/1/71blet14v0l._sx425_.jpg
`6955250263764,/3/6/3690-51-6955250263764.jpg
`LBC12,/l/a/lamborghini-flip-case-black-ipad3-gspelectronics-lbc12_1.jpg
`LBC12,/l/b/lbc12.jpg
`6955250263948,/6/9/6955250263948.jpg
`6955250263986,/3/7/3704-52-6955250263986..png
`9788087049099,/9/7/9788087049099.jpg
`TBH515,/n/8/n8000_rui_14.jpg
`8806085601840,/8/8/8806085601840.jpg
`8806085293939,/8/8/8806085293939.jpg
`8806085293922,/8/8/8806085293922.jpg
`TBH44,/i/t/item_l_4839234_1469559.jpg
`6955250257671,/a/c/accessories-lamborghini-galaxy-s3-flip-case-genuine-leather_03.jpg
`TBH81,/p/1/p1040715-800x800-1200x1200.jpg
`6955250258432,/6/9/6955250255837_1_1.jpg
`6955250257695,/a/c/accessories-lamborghini-galaxy-s3-flip-case-genuine-leather_02.jpg
`EJ-PN910BBEGWW,/e/j/ej-pn910bbegww.jpg
`GH98-33618B,/g/h/gh98-33618b.jpg
`TBH253,/s/a/samsung_galaxy_note_2_pen_black.jpg
`SM319,/s/m/sm319.jpg
`SM320,/s/m/sm320.jpg
`4897058383553,/4/8/4897058383553-1.jpg
`4897058383553,/4/8/4897058383553-4.jpg
`4897058383553,/4/8/4897058383553-2.jpg
`4897058383553,/4/8/4897058383553-3.jpg
`4897058383560,/4/8/4897058383560-2.jpg
`4897058383560,/4/8/4897058383560-1.jpg
`4897058383560,/4/8/4897058383560-4.jpg
`4897058383560,/4/8/4897058383560-3.jpg
`4897058383577,/4/8/4897058383577-1.jpg
`4897058383577,/4/8/4897058383577-2.jpg
`4897058383577,/4/8/4897058383577-4.jpg
`4897058383577,/4/8/4897058383577-3.jpg
`4897058383584,/4/8/4897058383584-2.jpg
`4897058383584,/4/8/4897058383584-1.jpg
`4897058383584,/4/8/4897058383584-4.jpg
`4897058383584,/4/8/4897058383584-3.jpg
`4897058383522,/4/8/4897058383522-1.jpg
`4897058383522,/4/8/4897058383522-2.jpg
`6958944601453,/m/o/mosidunm20silver.jpg
`6958944600081G,/m/o/mosidun-headset-gold.jpg
`6954284020305,/i/m/img_7359.jpg
`6954284020305,/a/w/aweitbh_4.jpg
`6954284020305,/6/9/6954284020305-back.jpg
`6954284020305,/6/9/6954284020305-front.jpg
`6954284047418-2,/a/w/aweitbh_2.jpg
`6954284047418-2,/6/9/6954284047428-front_2.jpg
`6954284047418-2,/6/9/6954284047418-2.jpg
`6954284047418-2,/6/9/6954284047428-back_2.jpg
`6954284047418-3,/6/9/6954284047428-back_1.jpg
`6954284047418-3,/6/9/6954284047418-3.jpg
`6954284047418-3,/6/9/6954284047428-front_1.jpg
`6954284047418-3,/a/w/aweitbh_1.jpg
`6954284047418-4,/a/w/aweitbh.jpg
`6954284047418-4,/6/9/6954284047428-back.jpg
`6954284047418-4,/6/9/6954284047428-front.jpg
`6954284047418-4,/6/9/6954284047418-4.jpg
`6954284047418,/6/9/6954284047428-1_1.jpg
`6954284047418,/6/9/6954284047428-2_1.jpg
`6954284047418,/6/9/6954284047418.jpg
`6954284047418,/a/w/aweitbh_3.jpg
`6954284020305-2,/i/m/img_7358.jpg
`6954284020305-2,/a/w/aweitbh_5.jpg
`6954284020305-2,/6/9/6954284020305-front_1.jpg
`6954284020305-2,/6/9/6954284020305-back_1.jpg
`6954284020305-3,/6/9/6954284020305-back_2.jpg
`6954284020305-3,/6/9/6954284020305-front_2.jpg
`6954284020305-3,/a/w/aweitbh_6.jpg
`6954284020305-3,/i/m/img_7357.jpg
`6954284020305-4,/6/9/6954284020305-back_3.jpg
`6954284020305-4,/6/9/6954284020305-front_3.jpg
`6954284020305-4,/i/m/img_7356.jpg
`6954284020305-4,/a/w/aweitbh_7.jpg
`5705260039559,/f/o/form2_red.png
`BMH1350EFEGXEG,/b/h/bhm1350.jpg
`DAT05,/d/a/dat05.jpg
`DAT14,/d/a/dat14.jpg
`DAT45,/d/a/data03_1.jpg
`DAT20,/d/a/dat20.jpg
`DAT40,/d/a/dat40.jpg
`DAT06,/d/a/dat06_1.jpg
`DAT42,/_/d/_dat42.jpg
`DAT42,/l/a/lasse.jpeg
`DAT50,/d/a/dat50.jpg
`DAT16,/d/a/dat16.jpg
`DAT73,/d/a/dat73.jpg
`DAT51,/d/a/dat51.jpg
`DAT52,/d/a/dat52.jpg
`DAT53,/d/a/dat53.jpg
`DAT54,/d/a/dat54.jpg
`DAT55,/d/a/dat55.jpg
`DAT56,/d/a/dat56.jpg
`DAT57,/d/a/dat57.jpg
`DAT58,/d/a/dat58.jpg
`DAT59,/d/a/dat59.jpg
`DAT60,/d/a/dat60.jpg
`DAT61,/d/a/dat61.jpg
`4047038644079,/4/0/4047038644079-1.jpg
`4047038644079,/4/0/4047038644079-2.jpg
`4047038644079,/4/0/4047038644079-3.jpg
`ACER01,/a/c/acer01_01.jpg
`ACER01,/a/c/acer01_02.jpg
`Ac-Adapter,/a/c/acer_adapter19.png
`AC-Adapter4,/a/c/ac-adapter4_2.jpg
`AC-Adapter4,/a/c/ac-adapter4_01.jpg
`AC-Adapter5,/a/c/ac-adapter5_hp-adapter-gsp-electronics.jpg
"`AC Adapter 6",/m/s/ms-c75sn_1.jpg
"`AC Adapter 7",/a/c/ac_adapter_7_01.jpg
"`AC Adapter 8",/a/d/adapter8-2.jpg
"`AC Adapter 8",/a/d/adapter8-1.jpg
"`AC Adapter 8",/a/d/adapter8-3.jpg
"`AC Adapter 9",/a/c/ac_adapter_9_01.jpg
`HP04,/h/p/hp04.jpg
`HP02,/h/p/hp02-2.jpg
`HP02,/h/p/hp02-1.jpg
`AP01,/a/p/ap01.jpg
`AP01,/a/p/ap01-1.jpg
`5350551999953,/5/3/5350551999953.jpg
`TOOL1058,/t/o/tool1058.jpg
`TOOL1062,/t/e/tesa.jpg
`7340004668589,/p/r/proskit-verktygskit-mobil-data-7340004668589-gspelectronics_1.jpg
`TOOL1059,/t/e/tesa_3.jpg
`TOOL1060,/t/e/tesa_2.jpg
`TOOL1061,/t/e/tesa_1.jpg
`TOL22,/t/o/tol22.png
`TOOL1014,/t/o/tool1014-1.jpg
`TOOL1014,/t/o/tool1014-2.jpg
`TOOL1056,/h/e/heat.jpg
`TOOL1055,/h/e/heat_1.jpg
`TOOL1003,/t/o/tool1003-reng_ringsborste-esd.jpg
`TOOL1002,/t/o/tool1002-reng_ringsborste-esd.jpg
`TOOL1054,/h/e/heat_2.jpg
`TOOL1001,/t/o/tool1001-reng_ringsborste-esd.jpg
`TOOL1005,/t/o/tool1005.jpg
`TOOL1004,/t/o/tool1004.jpg
`GH68-09361A,/w/a/water-soak-label-gh68-09361a-gspelectronics.jpg
`TOL02,/t/o/tol02.jpg
`TOL03,/t/o/tol03.jpg
`TOL07,/t/o/tol07.jpg
`740617182972,/3/2/32gb_1.jpg
